mechanism,t_s,rss_mb
kf_ffmpeg,0.0,116.6
kf_ffmpeg,10.0,138.3
native,0.0,150.4
native,10.0,155.4
native,20.0,150.4
native,30.0,150.5
native,40.0,150.5
native,50.0,150.6
native,60.0,150.6
native,70.0,154.1
native,80.0,154.1
native,90.0,154.1
native,100.0,154.1
native,110.0,154.1
sleep1,0.0,136.6
sleep1,10.0,140.8
sleep1,20.0,141.4
sleep1,30.0,141.6
sleep1,40.0,143.0
sleep1,50.0,143.2
sleep1,60.0,143.3
sleep1,70.0,147.0
sleep1,80.0,130.3
sleep1,90.0,110.7
sleep1,100.0,111.2
sleep1,110.0,111.3
kf_ffmpeg,0.0,116.8
kf_ffmpeg,10.0,138.0
kf_ffmpeg,20.0,92.1
kf_ffmpeg,30.0,92.2
kf_ffmpeg,40.0,92.5
kf_ffmpeg,50.0,92.5
kf_ffmpeg,60.0,91.8
kf_ffmpeg,70.0,92.9
kf_ffmpeg,80.0,97.8
kf_ffmpeg,90.0,99.3
kf_ffmpeg,100.0,99.9
kf_ffmpeg,110.0,100.0
kf_pyav,0.0,97.7
kf_pyav,10.0,101.2
kf_pyav,20.0,96.2
kf_pyav,30.0,96.2
kf_pyav,40.0,96.3
kf_pyav,50.0,96.4
kf_pyav,60.0,96.4
kf_pyav,70.0,68.3
kf_pyav,80.0,68.3
kf_pyav,90.0,69.3
kf_pyav,100.0,69.4
kf_pyav,110.0,69.9
