seed,zona,nivel_los,franja,fijo_timeloss_total_s,adap_timeloss_total_s,rd_pct_timeloss,fijo_timeloss_per_veh_s,adap_timeloss_per_veh_s,rd_pct_timeloss_per_veh,fijo_waiting_total_s,adap_waiting_total_s,rd_pct_waiting,fijo_waiting_per_veh_s,adap_waiting_per_veh_s,rd_pct_waiting_per_veh,fijo_density_mean,adap_density_mean,fijo_speed_mean_ms,adap_speed_mean_ms,fijo_throughput,adap_throughput
42,arequipa_angamos,E/H,pico_am_07_09,13794.96,8612.71,37.5663,13.0018,8.1175,37.5663,9795.0,4937.0,49.5967,9.2319,4.6532,49.5967,8.2268,6.4122,4.7169,6.2258,1061,1061
42,arequipa_angamos,E/H,valle_10_17,26242.91,17249.79,34.2688,12.4966,8.2142,34.2688,19097.0,10301.0,46.0596,9.0938,4.9052,46.0596,4.5384,3.4953,4.8842,6.2362,2100,2100
42,arequipa_angamos,E/H,pico_pm_18_20,13840.74,9248.97,33.1758,12.5597,8.4235,32.9323,9675.0,5499.0,43.1628,8.7795,5.0082,42.9557,8.3169,6.5238,4.8368,6.1211,1102,1098
42,arequipa_angamos,E/H,dia_completo,77071.31,50744.85,34.1586,12.645,8.3243,34.1694,55348.0,30282.0,45.288,9.0809,4.9675,45.297,5.6146,4.3903,4.8336,6.1785,6095,6096
42,28julio_lapaz,D/F,pico_am_07_09,1546.02,1766.78,-14.2792,5.834,6.568,-12.5799,1115.0,883.0,20.8072,4.2075,3.2825,21.9848,3.2126,3.823,8.2277,7.7547,265,269
42,28julio_lapaz,D/F,valle_10_17,2750.28,3393.66,-23.3933,5.0371,6.2269,-23.6197,1863.0,1616.0,13.2582,3.4121,2.9651,13.099,2.0353,2.2645,8.842,8.0075,546,545
42,28julio_lapaz,D/F,pico_pm_18_20,1981.33,1651.01,16.6716,7.2843,6.0923,16.3641,1456.0,885.0,39.217,5.3529,3.2657,38.9927,3.8592,3.5653,7.3625,8.0738,272,271
42,28julio_lapaz,D/F,dia_completo,9004.16,9794.04,-8.7724,5.7608,6.2662,-8.7724,6386.0,4843.0,24.1622,4.0857,3.0985,24.1622,2.4682,2.6312,8.2874,7.9586,1563,1563
42,ricardopalma_paseo,D/F,pico_am_07_09,4169.24,4300.94,-3.1588,3.9185,4.0271,-2.7725,3126.08,2284.84,26.9104,2.938,2.1394,27.1841,11.5595,13.7406,6.1168,6.0051,1064,1068
42,ricardopalma_paseo,D/F,valle_10_17,7308.38,7556.9,-3.4005,3.3372,3.4506,-3.4005,5338.0,3908.0,26.7891,2.4374,1.7845,26.7891,6.5995,6.7294,6.6635,6.5365,2190,2190
42,ricardopalma_paseo,D/F,pico_pm_18_20,3784.72,3801.38,-0.4402,3.4282,3.4402,-0.3493,2768.53,1903.0,31.2632,2.5077,1.7222,31.3254,12.7787,10.9141,6.6234,6.6021,1104,1105
42,ricardopalma_paseo,D/F,dia_completo,21903.23,23061.09,-5.2863,3.3869,3.5649,-5.2537,16177.61,11899.84,26.4425,2.5016,1.8395,26.4653,8.4041,8.5703,6.6467,6.4527,6467,6469
43,arequipa_angamos,E/H,pico_am_07_09,11669.37,8357.62,28.3799,11.9809,8.5631,28.5266,8366.0,4967.0,40.6287,8.5893,5.0891,40.7504,7.1425,5.875,5.018,6.1014,974,976
43,arequipa_angamos,E/H,valle_10_17,24564.87,17033.68,30.6584,12.3318,8.5682,30.5189,17958.0,10293.0,42.6829,9.0151,5.1776,42.5676,4.2842,3.4252,4.9367,6.1097,1992,1988
43,arequipa_angamos,E/H,pico_pm_18_20,13465.05,8604.1,36.1005,13.0983,8.3616,36.1626,9762.0,5107.0,47.6849,9.4961,4.9631,47.7357,7.9486,6.1074,4.7325,6.1665,1028,1029
43,arequipa_angamos,E/H,dia_completo,72551.07,48352.46,33.3539,12.4466,8.2937,33.3653,53033.0,28879.0,45.5452,9.0981,4.9535,45.5546,5.1905,4.0909,4.9124,6.2216,5829,5830
43,28julio_lapaz,D/F,pico_am_07_09,1656.79,1666.7,-0.5981,5.6162,5.6118,0.0793,1171.0,779.0,33.4757,3.9695,2.6229,33.9236,4.5525,4.4632,8.4859,8.4732,295,297
43,28julio_lapaz,D/F,valle_10_17,2871.42,3464.73,-20.6626,4.8017,5.7939,-20.6626,1976.0,1683.0,14.8279,3.3043,2.8144,14.8279,2.3513,2.4694,9.0211,8.2794,598,598
43,28julio_lapaz,D/F,pico_pm_18_20,1975.34,1824.38,7.6422,6.4343,5.9233,7.9421,1420.0,819.0,42.3239,4.6254,2.6591,42.5112,5.0517,4.6267,7.9158,8.2554,307,308
43,28julio_lapaz,D/F,dia_completo,9198.97,10682.26,-16.1245,5.2267,6.0695,-16.1245,6382.0,5131.0,19.602,3.6261,2.9153,19.602,3.1803,3.1756,8.7314,8.1346,1760,1760
43,ricardopalma_paseo,D/F,pico_am_07_09,3634.46,4461.8,-22.7638,3.4713,4.2212,-21.6023,2596.42,2288.0,11.8787,2.4799,2.1646,12.7124,10.8281,11.0591,6.7383,5.9822,1047,1057
43,ricardopalma_paseo,D/F,valle_10_17,7427.85,8080.42,-8.7854,3.4372,3.7427,-8.8862,5406.96,4277.0,20.8982,2.5021,1.981,20.825,8.1113,6.3167,6.5755,6.2589,2161,2159
43,ricardopalma_paseo,D/F,pico_pm_18_20,4081.37,4897.14,-19.9877,3.7444,4.4723,-19.4398,3003.0,2522.0,16.0173,2.755,2.3032,16.4008,14.9405,12.8426,6.4701,5.7986,1090,1095
43,ricardopalma_paseo,D/F,dia_completo,22566.62,25321.94,-12.2097,3.5763,4.013,-12.2097,16550.3,13213.0,20.1646,2.6229,2.094,20.1646,10.3183,8.6276,6.4778,6.0507,6310,6310
44,arequipa_angamos,E/H,pico_am_07_09,11488.38,8237.84,28.2942,11.4426,8.1644,28.6495,8018.0,4910.0,38.7628,7.9861,4.8662,39.0662,7.2624,6.0602,5.1102,6.21,1004,1009
44,arequipa_angamos,E/H,valle_10_17,24691.34,17176.96,30.4333,12.1632,8.4574,30.4675,18023.0,10609.0,41.1363,8.8783,5.2235,41.1653,4.409,3.5897,4.927,6.0957,2030,2031
44,arequipa_angamos,E/H,pico_pm_18_20,12159.24,8266.46,32.015,11.6023,7.9029,31.885,8583.0,4829.0,43.7376,8.1899,4.6166,43.63,7.6278,6.046,5.0583,6.306,1048,1046
44,arequipa_angamos,E/H,dia_completo,71153.72,49579.36,30.3208,11.8156,8.2303,30.3439,51088.0,29989.0,41.2993,8.4836,4.9783,41.3188,5.2695,4.2918,5.0026,6.1682,6022,6024
44,28julio_lapaz,D/F,pico_am_07_09,1678.04,1646.11,1.9028,5.116,5.0494,1.301,1126.0,753.0,33.1261,3.4329,2.3098,32.7158,4.6231,4.3362,8.728,8.7812,328,326
44,28julio_lapaz,D/F,valle_10_17,3233.39,4082.93,-26.274,5.3356,6.7486,-26.4827,2244.0,2021.0,9.9376,3.703,3.3405,9.7887,2.5633,2.8155,8.5952,7.6642,606,605
44,28julio_lapaz,D/F,pico_pm_18_20,1694.6,1997.82,-17.8933,5.0737,5.9815,-17.8933,1134.0,937.0,17.3721,3.3952,2.8054,17.3721,4.8065,5.0754,8.7395,8.1053,334,334
44,28julio_lapaz,D/F,dia_completo,10469.65,11721.6,-11.9579,5.5571,6.2217,-11.9579,7327.0,5640.0,23.0244,3.8891,2.9936,23.0244,3.3308,3.4112,8.4397,7.9929,1884,1884
44,ricardopalma_paseo,D/F,pico_am_07_09,3312.02,4772.16,-44.0861,3.1694,4.5667,-44.0861,2354.0,2605.0,-10.6627,2.2526,2.4928,-10.6627,11.1572,11.6477,6.9164,5.5586,1045,1045
44,ricardopalma_paseo,D/F,valle_10_17,6994.63,8913.74,-27.4369,3.1983,4.0758,-27.4369,5005.76,4611.95,7.8671,2.2889,2.1088,7.8671,4.7316,7.9587,6.8488,5.9345,2187,2187
44,ricardopalma_paseo,D/F,pico_pm_18_20,3727.64,4232.27,-13.5375,3.4388,3.9007,-13.4329,2741.7,2139.0,21.9827,2.5292,1.9714,22.0546,13.7819,13.3726,6.5861,6.1086,1084,1085
44,ricardopalma_paseo,D/F,dia_completo,20809.5,26063.77,-25.2494,3.2714,4.0968,-25.2297,15054.46,13624.95,9.4956,2.3667,2.1416,9.5098,7.6131,8.7603,6.8141,5.9681,6361,6362
45,arequipa_angamos,E/H,pico_am_07_09,12186.43,8836.84,27.4862,11.9945,8.6977,27.4862,8641.0,5376.0,37.785,8.5049,5.2913,37.785,7.3702,6.1327,4.9817,6.0144,1016,1016
45,arequipa_angamos,E/H,valle_10_17,24596.84,16730.96,31.9792,12.0278,8.1774,32.0125,18101.0,10225.0,43.5114,8.8513,4.9976,43.539,4.3119,3.3808,4.9745,6.2197,2045,2046
45,arequipa_angamos,E/H,pico_pm_18_20,12504.45,9134.73,26.9482,11.909,8.708,26.8785,8907.0,5525.0,37.9701,8.4829,5.2669,37.911,7.6835,6.3137,5.0071,6.013,1050,1049
45,arequipa_angamos,E/H,dia_completo,71015.3,50607.06,28.7378,11.8477,8.4415,28.7497,51426.0,30981.0,39.7562,8.5796,5.1678,39.7662,5.1876,4.252,5.0052,6.0943,5994,5995
45,28julio_lapaz,D/F,pico_am_07_09,1599.93,1888.02,-18.0064,5.5553,6.488,-16.7899,1086.0,938.0,13.628,3.7708,3.2234,14.5184,3.5424,4.13,8.4227,7.809,288,291
45,28julio_lapaz,D/F,valle_10_17,3015.02,3931.33,-30.3915,4.9589,6.4767,-30.6063,2072.0,2024.0,2.3166,3.4079,3.3344,2.1557,2.2948,2.591,8.8089,7.7749,608,607
45,28julio_lapaz,D/F,pico_pm_18_20,1917.21,1865.51,2.6966,6.3695,6.1977,2.6966,1390.0,916.0,34.1007,4.6179,3.0432,34.1007,4.2174,4.1324,7.8376,7.9586,301,301
45,28julio_lapaz,D/F,dia_completo,9445.93,11838.65,-25.3307,5.2477,6.5734,-25.2611,6484.0,6078.0,6.2616,3.6022,3.3748,6.3136,2.6495,2.9309,8.5747,7.7102,1800,1801
45,ricardopalma_paseo,D/F,pico_am_07_09,3219.24,4434.79,-37.7589,3.0659,4.2236,-37.7589,2258.59,2253.0,0.2475,2.151,2.1457,0.2475,11.6836,12.3772,6.9906,5.7809,1050,1050
45,ricardopalma_paseo,D/F,valle_10_17,6396.52,7990.9,-24.9257,2.971,3.7132,-24.9838,4515.0,4146.0,8.1728,2.0971,1.9266,8.1301,6.1764,8.6555,7.197,6.3449,2153,2152
45,ricardopalma_paseo,D/F,pico_pm_18_20,3540.94,4359.88,-23.1278,3.2817,4.022,-22.5598,2560.63,2248.45,12.1915,2.3732,2.0742,12.5966,20.0475,12.3382,6.7164,5.9473,1079,1084
45,ricardopalma_paseo,D/F,dia_completo,18963.68,23822.14,-25.6198,3.0631,3.8472,-25.5995,13528.22,12285.4,9.1869,2.1851,1.9841,9.2015,10.0923,9.1035,7.0571,6.1911,6191,6192
46,arequipa_angamos,E/H,pico_am_07_09,11592.5,8592.04,25.8828,11.343,8.4484,25.5184,8154.0,5162.0,36.6936,7.9785,5.0757,36.3824,7.1681,5.9099,5.1663,6.1271,1022,1017
46,arequipa_angamos,E/H,valle_10_17,23749.15,17047.33,28.2192,11.8214,8.4939,28.1477,17327.0,10499.0,39.4067,8.6247,5.2312,39.3463,4.1931,3.3723,5.0642,6.1353,2009,2007
46,arequipa_angamos,E/H,pico_pm_18_20,12618.27,9008.65,28.6063,12.0865,8.596,28.8788,9100.0,5404.0,40.6154,8.7165,5.1565,40.842,7.5967,6.1684,4.9847,6.0938,1044,1048
46,arequipa_angamos,E/H,dia_completo,69600.0,50013.71,28.1412,11.6271,8.3537,28.1532,50399.0,30445.0,39.5921,8.4195,5.0852,39.6021,5.093,4.1621,5.108,6.1828,5986,5987
46,28julio_lapaz,D/F,pico_am_07_09,1508.82,1580.81,-4.7713,5.3695,5.6257,-4.7713,1069.0,775.0,27.5023,3.8043,2.758,27.5023,4.0764,3.9836,8.6095,8.4254,281,281
46,28julio_lapaz,D/F,valle_10_17,3114.68,3717.58,-19.3567,5.1998,6.2063,-19.3567,2137.0,1794.0,16.0505,3.5676,2.995,16.0505,2.5183,2.719,8.7103,8.0085,599,599
46,28julio_lapaz,D/F,pico_pm_18_20,1416.21,2040.82,-44.1043,4.8335,6.9416,-43.6142,962.0,1035.0,-7.5884,3.2833,3.5204,-7.2224,3.8922,4.6922,9.0058,7.5712,293,294
46,28julio_lapaz,D/F,dia_completo,9333.89,11143.2,-19.3843,5.0783,6.0627,-19.3843,6460.0,5408.0,16.2848,3.5147,2.9423,16.2848,3.0191,3.1234,8.7918,8.0889,1838,1838
46,ricardopalma_paseo,D/F,pico_am_07_09,3846.15,4422.3,-14.9799,3.5979,4.1369,-14.9799,2829.0,2362.0,16.5076,2.6464,2.2095,16.5076,13.8695,15.1189,6.3444,5.8245,1069,1069
46,ricardopalma_paseo,D/F,valle_10_17,6977.92,8157.16,-16.8996,3.1877,3.723,-16.7929,5040.0,4182.92,17.0056,2.3024,1.9091,17.0813,9.5334,7.8697,6.7876,6.201,2189,2191
46,ricardopalma_paseo,D/F,pico_pm_18_20,4445.38,3660.85,17.6482,3.9869,3.2833,17.6482,3354.82,1705.0,49.1776,3.0088,1.5291,49.1776,30.0147,11.7481,5.9928,6.7239,1115,1115
46,ricardopalma_paseo,D/F,dia_completo,22594.01,23378.59,-3.4725,3.5943,3.7192,-3.4725,16903.82,12034.92,28.8035,2.6891,1.9146,28.8035,16.341,9.7521,6.3202,6.1907,6286,6286
47,arequipa_angamos,E/H,pico_am_07_09,12257.19,9059.73,26.0864,12.4819,9.1605,26.6096,8730.0,5399.0,38.1558,8.89,5.459,38.5935,7.2731,6.1317,4.8915,5.8757,982,989
47,arequipa_angamos,E/H,valle_10_17,24091.8,17099.25,29.0246,12.0519,8.5539,29.0246,17471.0,10498.0,39.9119,8.7399,5.2516,39.9119,4.1705,3.4565,4.9999,6.1128,1999,1999
47,arequipa_angamos,E/H,pico_pm_18_20,12955.83,8921.38,31.14,12.4936,8.57,31.4046,9196.0,5375.0,41.5507,8.8679,5.1633,41.7753,7.7061,6.263,4.883,6.0919,1037,1041
47,arequipa_angamos,E/H,dia_completo,70675.77,49806.4,29.5283,12.1981,8.5947,29.5405,51100.0,30277.0,40.7495,8.8195,5.2247,40.7597,5.1149,4.2283,4.9432,6.0726,5794,5795
47,28julio_lapaz,D/F,pico_am_07_09,1724.27,1791.01,-3.8706,5.5983,5.7961,-3.5345,1222.0,963.0,21.1948,3.9675,3.1165,21.4498,4.5098,4.3529,8.3687,8.2383,308,309
47,28julio_lapaz,D/F,valle_10_17,3615.5,3901.54,-7.9115,5.7941,6.2425,-7.7388,2551.0,1779.0,30.2626,4.0881,2.8464,30.3742,2.5338,2.7194,8.2588,7.96,624,625
47,28julio_lapaz,D/F,pico_pm_18_20,1576.7,1966.36,-24.7136,4.9426,6.1067,-23.5517,1062.0,958.0,9.7928,3.3292,2.9752,10.6333,4.1775,4.602,8.9021,8.0631,319,322
47,28julio_lapaz,D/F,dia_completo,10341.32,11176.71,-8.0782,5.6203,6.071,-8.0195,7254.0,5421.0,25.2688,3.9424,2.9446,25.3094,3.0345,3.1961,8.3449,8.041,1840,1841
47,ricardopalma_paseo,D/F,pico_am_07_09,3373.07,4487.38,-33.0355,3.009,3.9923,-32.6804,2368.91,2355.0,0.5872,2.1132,2.0952,0.8525,18.0394,16.4949,7.1398,6.0612,1121,1124
47,ricardopalma_paseo,D/F,valle_10_17,7329.22,9291.66,-26.7756,3.2589,4.1333,-26.832,5280.0,4875.0,7.6705,2.3477,2.1686,7.6294,8.6349,7.3966,6.7541,5.8603,2249,2248
47,ricardopalma_paseo,D/F,pico_pm_18_20,3753.53,5081.64,-35.383,3.233,4.3433,-34.3416,2722.0,2556.63,6.0753,2.3445,2.1852,6.7978,15.8952,15.8047,6.8149,5.7102,1161,1170
47,ricardopalma_paseo,D/F,dia_completo,21288.42,26394.27,-23.9842,3.2741,4.0594,-23.9842,15453.66,13610.06,11.9299,2.3768,2.0932,11.9299,11.6573,10.3662,6.7948,5.9864,6502,6502
48,arequipa_angamos,E/H,pico_am_07_09,11624.43,8291.4,28.6726,11.9963,8.5302,28.8928,8167.0,4933.0,39.5984,8.4283,5.0751,39.7848,7.197,5.775,5.0115,6.1248,969,972
48,arequipa_angamos,E/H,valle_10_17,24226.65,16649.48,31.2762,12.0232,8.2464,31.4123,17704.0,10128.0,42.7926,8.7861,5.0163,42.9059,4.2426,3.3535,5.0007,6.2193,2015,2019
48,arequipa_angamos,E/H,pico_pm_18_20,11715.86,8920.4,23.8605,11.5427,8.7541,24.1594,8157.0,5333.0,34.6206,8.0365,5.2336,34.8772,7.2775,6.2825,5.1188,6.0022,1015,1019
48,arequipa_angamos,E/H,dia_completo,70461.02,49164.21,30.225,12.0118,8.3812,30.225,50982.0,29665.0,41.8128,8.6911,5.0571,41.8128,5.0897,4.1358,5.0117,6.1724,5866,5866
48,28julio_lapaz,D/F,pico_am_07_09,1895.98,1261.62,33.4582,5.9249,3.9426,33.4582,1373.0,551.0,59.8689,4.2906,1.7219,59.8689,4.6947,3.7048,8.142,9.7198,320,320
48,28julio_lapaz,D/F,valle_10_17,2874.87,3575.51,-24.3712,4.7915,5.9592,-24.3712,2005.0,1689.0,15.7606,3.3417,2.815,15.7606,2.2104,2.5932,8.9732,8.1174,600,600
48,28julio_lapaz,D/F,pico_pm_18_20,2142.9,2122.22,0.965,6.6344,6.5703,0.965,1581.0,1014.0,35.8634,4.8947,3.1393,35.8634,5.0646,4.9907,7.722,7.7605,323,323
48,28julio_lapaz,D/F,dia_completo,9965.36,11017.69,-10.5599,5.4875,6.0637,-10.499,7110.0,5376.0,24.3882,3.9152,2.9587,24.4298,3.1434,3.107,8.428,8.0374,1816,1817
48,ricardopalma_paseo,D/F,pico_am_07_09,3926.55,4390.28,-11.8101,3.6391,4.0538,-11.3971,2882.96,2335.55,18.9878,2.6719,2.1566,19.287,12.3504,17.9044,6.4304,6.0132,1079,1083
48,ricardopalma_paseo,D/F,valle_10_17,8079.45,8878.45,-9.8893,3.6592,4.0265,-10.0388,6002.88,4745.0,20.9546,2.7187,2.1519,20.8471,10.7322,6.5989,6.4458,6.0905,2208,2205
48,ricardopalma_paseo,D/F,pico_pm_18_20,4079.56,4725.1,-15.8238,3.6198,4.1741,-15.3122,3027.0,2514.01,16.9471,2.6859,2.2209,17.314,18.3735,12.9547,6.4042,5.8695,1127,1132
48,ricardopalma_paseo,D/F,dia_completo,23008.07,25926.09,-12.6826,3.6108,4.0675,-12.6472,17010.84,13842.56,18.6251,2.6696,2.1717,18.6506,11.6959,10.395,6.4238,5.9781,6372,6374
49,arequipa_angamos,E/H,pico_am_07_09,11913.61,8642.86,27.4539,11.9136,8.6429,27.4539,8463.0,5083.0,39.9386,8.463,5.083,39.9386,7.3469,6.0413,5.0365,6.071,1000,1000
49,arequipa_angamos,E/H,valle_10_17,25476.93,17323.8,32.002,12.6123,8.5804,31.9683,18730.0,10599.0,43.4116,9.2723,5.2496,43.3836,4.3757,3.4442,4.8289,6.0621,2020,2019
49,arequipa_angamos,E/H,pico_pm_18_20,13280.88,8829.9,33.5142,12.8816,8.581,33.385,9729.0,5235.0,46.1918,9.4365,5.0875,46.0872,7.9722,6.0965,4.7796,6.0765,1031,1029
49,arequipa_angamos,E/H,dia_completo,73471.26,49453.85,32.6895,12.4654,8.3905,32.6895,53529.0,29809.0,44.3124,9.0819,5.0575,44.3124,5.3281,4.226,4.8723,6.1426,5894,5894
49,28julio_lapaz,D/F,pico_am_07_09,1651.92,1808.35,-9.4696,5.0985,5.5471,-8.798,1109.0,832.0,24.9775,3.4228,2.5521,25.4377,4.5541,4.7352,8.7343,8.4131,324,326
49,28julio_lapaz,D/F,valle_10_17,3454.36,4124.88,-19.4108,5.2578,6.2975,-19.7754,2390.0,1996.0,16.4854,3.6377,3.0473,16.2303,2.713,2.9149,8.6315,7.9244,657,655
49,28julio_lapaz,D/F,pico_pm_18_20,2045.46,1810.29,11.4972,6.161,5.4363,11.7629,1457.0,827.0,43.2395,4.3886,2.4835,43.41,4.9325,4.622,8.0152,8.496,332,333
49,28julio_lapaz,D/F,dia_completo,9723.32,10970.12,-12.8228,5.4048,6.0979,-12.8228,6768.0,5315.0,21.4687,3.7621,2.9544,21.4687,3.2827,3.2922,8.5397,8.0652,1799,1799
49,ricardopalma_paseo,D/F,pico_am_07_09,3897.93,3670.88,5.8249,3.4252,3.24,5.4093,2864.0,1760.0,38.5475,2.5167,1.5534,38.2763,16.2346,13.5531,6.5327,6.7465,1138,1133
49,ricardopalma_paseo,D/F,valle_10_17,7223.12,8596.36,-19.0117,3.3194,3.9451,-18.8479,5164.0,4618.0,10.5732,2.3732,2.1193,10.6963,5.4978,6.9768,6.6681,6.025,2176,2179
49,ricardopalma_paseo,D/F,pico_pm_18_20,4445.14,4302.33,3.2127,3.7895,3.6741,3.0474,3337.86,2119.0,36.5162,2.8456,1.8096,36.4078,13.8002,13.792,6.1613,6.2826,1173,1171
49,ricardopalma_paseo,D/F,dia_completo,24046.03,24607.54,-2.3351,3.6078,3.6909,-2.3044,17801.81,12543.35,29.5389,2.6709,1.8814,29.56,10.4929,8.966,6.3634,6.2788,6665,6667
50,arequipa_angamos,E/H,pico_am_07_09,11664.81,8554.46,26.6644,11.4361,8.395,26.5924,8231.0,5189.0,36.9578,8.0696,5.0922,36.896,7.1307,5.9273,5.1689,6.1805,1020,1019
50,arequipa_angamos,E/H,valle_10_17,25290.42,17015.02,32.7215,12.5386,8.4358,32.7215,18720.0,10573.0,43.5203,9.2811,5.2419,43.5203,4.3302,3.3768,4.8738,6.1486,2017,2017
50,arequipa_angamos,E/H,pico_pm_18_20,12622.27,8741.4,30.7462,11.8297,8.1848,30.8111,8936.0,5131.0,42.5806,8.3749,4.8043,42.6343,7.6274,6.0844,5.0591,6.2598,1067,1068
50,arequipa_angamos,E/H,dia_completo,72735.68,49306.8,32.211,12.3406,8.3642,32.2225,53385.0,30132.0,43.5572,9.0575,5.1115,43.5668,5.1292,4.1068,4.9323,6.1864,5894,5895
50,28julio_lapaz,D/F,pico_am_07_09,1829.27,1903.44,-4.0546,6.3738,6.541,-2.6243,1334.0,906.0,32.084,4.6481,3.1134,33.0175,3.9753,4.2079,7.8918,7.7899,287,291
50,28julio_lapaz,D/F,valle_10_17,3113.92,4150.91,-33.3018,5.4726,7.2823,-33.0679,2222.0,2133.0,4.0054,3.9051,3.7421,4.1738,2.2579,2.6039,8.513,7.3727,569,570
50,28julio_lapaz,D/F,pico_pm_18_20,1176.17,2051.34,-74.4085,3.8187,6.6819,-74.9766,738.0,912.0,-23.5772,2.3961,2.9707,-23.9798,3.4592,4.6419,9.934,7.7461,308,307
50,28julio_lapaz,D/F,dia_completo,8906.93,12287.79,-37.9576,5.1366,7.0864,-37.9576,6257.0,6272.0,-0.2397,3.6084,3.6171,-0.2397,2.6423,3.1172,8.7293,7.4613,1734,1734
50,ricardopalma_paseo,D/F,pico_am_07_09,3450.42,4458.48,-29.2156,3.2736,4.226,-29.0931,2530.98,2215.0,12.4845,2.4013,2.0995,12.5674,15.0873,11.2208,6.7303,5.7816,1054,1055
50,ricardopalma_paseo,D/F,valle_10_17,7140.8,8606.3,-20.5229,3.1808,3.8165,-19.9884,5197.73,4605.99,11.3846,2.3152,2.0426,11.7776,7.6825,7.1478,6.8601,6.1593,2245,2255
50,ricardopalma_paseo,D/F,pico_pm_18_20,3434.15,4010.06,-16.7701,3.1163,3.6323,-16.5585,2523.4,2161.0,14.3616,2.2898,1.9574,14.5167,16.2302,12.0908,6.9109,6.3139,1102,1104
50,ricardopalma_paseo,D/F,dia_completo,19398.83,23122.95,-19.1977,3.067,3.6535,-19.1223,14182.11,11907.99,16.0351,2.2422,1.8815,16.0882,9.9149,8.1555,6.897,6.2265,6325,6329
51,arequipa_angamos,E/H,pico_am_07_09,11763.56,7961.1,32.3241,11.6818,7.9058,32.3241,8427.0,4758.0,43.5386,8.3684,4.7249,43.5386,7.1143,5.7061,5.0909,6.3658,1007,1007
51,arequipa_angamos,E/H,valle_10_17,23817.22,17814.04,25.2052,11.4561,8.5727,25.1692,17227.0,10889.0,36.7911,8.2862,5.2401,36.7607,4.1752,3.5684,5.1317,6.0714,2079,2078
51,arequipa_angamos,E/H,pico_pm_18_20,12258.13,9414.8,23.1955,11.6633,8.8987,23.7036,8801.0,5730.0,34.8938,8.3739,5.4159,35.3245,7.4759,6.4389,5.0592,5.9126,1051,1058
51,arequipa_angamos,E/H,dia_completo,69179.56,50281.1,27.318,11.5917,8.4251,27.318,50079.0,30694.0,38.7088,8.3913,5.1431,38.7088,5.0574,4.2214,5.0903,6.122,5968,5968
51,28julio_lapaz,D/F,pico_am_07_09,1621.5,1866.36,-15.1008,5.3164,6.0793,-14.351,1109.0,930.0,16.1407,3.6361,3.0293,16.687,4.1167,4.0755,8.572,8.0396,305,307
51,28julio_lapaz,D/F,valle_10_17,2890.31,3717.84,-28.6312,4.5805,5.892,-28.6312,1915.0,1793.0,6.3708,3.0349,2.8415,6.3708,2.3612,2.5961,9.1521,8.1759,631,631
51,28julio_lapaz,D/F,pico_pm_18_20,2026.06,2131.87,-5.2225,6.3117,6.5798,-4.2482,1447.0,1010.0,30.2004,4.5078,3.1173,30.8467,4.5399,4.7616,7.9026,7.746,321,324
51,28julio_lapaz,D/F,dia_completo,9303.58,11545.28,-24.095,5.1773,6.4248,-24.095,6375.0,5764.0,9.5843,3.5476,3.2076,9.5843,2.9607,3.1256,8.6715,7.8269,1797,1797
51,ricardopalma_paseo,D/F,pico_am_07_09,3881.2,3888.42,-0.186,3.6789,3.6787,0.0035,2906.62,2051.0,29.4369,2.7551,1.9404,29.5705,8.543,12.2977,6.3365,6.3161,1055,1057
51,ricardopalma_paseo,D/F,valle_10_17,7131.61,8426.41,-18.1558,3.2971,3.9065,-18.4845,5205.0,4361.94,16.1971,2.4064,2.0222,15.964,8.0607,7.1903,6.6603,6.0276,2163,2157
51,ricardopalma_paseo,D/F,pico_pm_18_20,4009.55,4613.63,-15.066,3.6384,4.1602,-14.3397,2974.99,2501.68,15.9096,2.6996,2.2558,16.4404,11.0037,13.7423,6.384,5.8813,1102,1109
51,ricardopalma_paseo,D/F,dia_completo,22164.61,24318.44,-9.7174,3.4861,3.8249,-9.7174,16482.61,12676.62,23.0909,2.5924,1.9938,23.0909,7.6591,8.3687,6.4247,6.0805,6358,6358
